Student,Subject,City,Marks,StudyHours,Attendance,Satisfaction
Lerato,Math,Durban,85,12,90,5
Kabelo,Science,Johannesburg,67,6,72,3
Aisha,Math,Cape Town,92,14,96,5
Thabo,English,Durban,74,8,81,4
Naledi,Science,Cape Town,58,4,60,2
Sipho,Math,Johannesburg,79,10,85,4
Zanele,English,Durban,88,11,91,5
Pieter,Science,Cape Town,71,7,78,3
Fatima,Math,Johannesburg,95,16,98,5
Johan,English,Durban,63,5,70,3
Ayanda,Science,Cape Town,81,9,88,4
Ravi,Math,Durban,76,8,83,4
Nomsa,English,Johannesburg,69,6,75,3
Lindiwe,Science,Durban,90,13,94,5
Daniel,Math,Cape Town,54,3,58,2
Precious,English,Johannesburg,83,10,87,4
Tshepo,Science,Durban,77,9,82,4
Amira,Math,Cape Town,89,12,93,5
Luke,English,Durban,61,5,66,2
Sihle,Science,Johannesburg,84,11,89,4
